dataset,n_clips,action_mae,mae_debiased,trivial_hold_first,episodes,frames,height,camera
aractingi/push_cube_offline_data,4,0.6475,0.1564,0.221,30,1591,480,observation.images.image
nbaron99/so100_pick_and_place4,4,0.6883,0.2904,0.3022,100,5973,480,observation.images.image
FeiYjf/new_GtoR,4,0.6912,0.3114,0.2842,378,25420,480,observation.images.image
sihyun77/mond_1,4,0.6945,0.3151,0.2938,30,3495,480,observation.images.image
sixpigs1/so100_stack_cube_error,4,0.7618,0.2891,0.397,80,4721,480,observation.images.image
pandaRQ/pick_med_1,4,0.808,0.4227,0.6689,100,8946,480,observation.images.image
VoicAndrei/so100_banana_to_plate_only,4,0.8447,0.4394,0.423,120,6262,480,observation.images.image
frk2/so100largediffcam,4,0.8726,0.2612,0.3092,50,4500,480,observation.images.image
samsam0510/cube_reorientation_2,4,0.8953,0.2915,0.2252,182,23188,480,observation.images.image
356c/so100_duck_reposition_1,4,0.8989,0.3262,0.373,60,9773,480,observation.images.image
isadev/bougies3,4,0.9193,0.3564,0.4769,200,12940,480,observation.images.image
lirislab/red_cube_into_green_lego_block,4,0.9318,0.2369,0.2003,30,2303,480,observation.images.image
samsam0510/tooth_extraction_4,4,0.9328,0.3128,0.3999,200,15285,480,observation.images.image
samsam0510/cube_reorientation_4,4,0.9366,0.2765,0.2161,100,11398,480,observation.images.image
Jiafei1224/so100_pa222per,4,0.9562,0.2648,0.3983,30,2700,480,observation.images.image
Beegbrain/pick_lemon_and_drop_in_bowl,4,0.9573,0.5158,0.6723,40,3087,480,observation.images.image
lirislab/red_cube_into_blue_cube,4,0.9728,0.3108,0.5219,45,2747,480,observation.images.image
samsam0510/tooth_extraction_3,4,0.9768,0.2619,0.2622,100,6619,480,observation.images.image
lirislab/put_coffee_cap_teabox,4,0.9839,0.303,0.335,40,2979,480,observation.images.image
ganker5/so100_push_20250328,4,1.0026,0.2065,0.1429,50,3234,480,observation.images.image
roboticshack/team9-pick_chicken_place_plate,4,1.0095,0.3494,0.3744,69,3960,480,observation.images.image
ganker5/so100_color_0328,4,1.0281,0.2543,0.1826,50,3502,480,observation.images.image
Beegbrain/sweep_tissue_cube,4,1.0339,0.4262,0.4872,30,3225,480,observation.images.image
lirislab/put_caps_into_teabox,4,1.0422,0.3401,0.3244,30,2165,480,observation.images.image
Ityl/so100_recording2,4,1.0626,0.2612,0.3363,45,2747,480,observation.images.image
paszea/so100_whale_3,4,1.0631,0.2841,0.3323,35,4038,480,observation.images.image
bensprenger/left_arm_yellow_brick_in_box_with_purple_noise_v0,4,1.0647,0.2973,0.477,50,6000,480,observation.images.image
roboticshack/team13-two-balls-stacking,4,1.0731,0.3944,0.4898,51,2716,480,observation.images.image
ganker5/so100_dataline_0328,4,1.0737,0.3208,0.2667,50,5003,480,observation.images.image
Jiangeng/so100_413,4,1.0758,0.3245,0.4008,50,3590,480,observation.images.image
triton7777/so100_dataset_mix,4,1.0831,0.3603,0.3451,65,13269,480,observation.images.s_left
lirislab/open_top_drawer_teabox,4,1.0916,0.3604,0.4335,30,1931,480,observation.images.image
ganker5/so100_toy_20250402,4,1.0954,0.3293,0.4009,100,10770,480,observation.images.image
lirislab/sweep_tissue_cube,4,1.1058,0.4028,0.5164,30,3225,480,observation.images.image
bensprenger/left_arm_yellow_brick_in_box_v0,4,1.121,0.1766,0.2294,50,6000,480,observation.images.image
vladfatu/so100_office,4,1.1217,0.336,0.3782,50,5997,480,observation.images.image
Odog16/so100_cube_stacking_v1,4,1.1235,0.3254,0.3821,50,7761,480,observation.images.image
ZGGZZG/so100_drop0,4,1.1422,0.281,0.2219,33,3183,480,observation.images.image
lirislab/so100_demo,4,1.1447,0.1755,0.3239,30,3362,480,observation.images.image
CSCSXX/pick_place_cube_1.18,4,1.1478,0.2865,0.4643,50,3319,480,observation.images.image
samanthalhy/so100_herding_1,4,1.1726,0.2233,0.2048,50,31772,480,observation.images.image
ad330/cubePlace,4,1.1775,0.4905,0.807,50,3000,480,observation.images.image
Odog16/so100_cube_drop_pick_v1,4,1.1781,0.3418,0.4486,40,1947,480,observation.images.image
jlesein/TestBoulon7,4,1.1892,0.3175,0.4988,400,21294,480,observation.images.image
Gano007/so100_medic,4,1.1982,0.2041,0.2303,50,3599,480,observation.images.image
paszea/so100_whale_4,4,1.1987,0.3415,0.3927,60,6916,480,observation.images.image
DorayakiLin/so100_pick_charger_on_tissue,4,1.2014,0.2992,0.3549,50,5125,480,observation.images.image
Bartm3/dice2,4,1.2118,0.4297,0.5932,197,13216,480,observation.images.image
ganker5/so100_dataline_20250331,4,1.2307,0.3156,0.2256,50,6111,480,observation.images.image
Mohamedal/put_banana,4,1.2409,0.2636,0.2797,30,4026,480,observation.images.image
aimihat/so100_tape,4,1.2468,0.295,0.2847,30,2700,480,observation.images.image
pietroom/actualeasytask,4,1.2476,0.2981,0.3916,60,3600,480,observation.images.image
pranavsaroha/so100_carrot_2,4,1.2572,0.3045,0.4624,63,5069,480,observation.images.image
sihyun77/sihyun_3_17_5,4,1.2637,0.6067,0.9618,30,6702,480,observation.images.image
shreyasgite/so100_legocube_50,4,1.2719,0.3107,0.304,50,4171,480,observation.images.image
shreyasgite/so100_base_env,4,1.2757,0.3589,0.479,252,19901,480,observation.images.image
NONHUMAN-RESEARCH/SOARM100_TASK_VENDA,4,1.2808,0.35,0.5332,150,15300,480,observation.images.image
vladfatu/so100_above,4,1.2826,0.258,0.2988,50,6000,480,observation.images.image
koenvanwijk/orange50-1,4,1.2911,0.4363,0.6121,50,1606,480,observation.images.image
sihyun77/sihyun_main_3,4,1.292,0.257,0.3261,30,3506,480,observation.images.image
sihyun77/suho_3_17_1,4,1.2922,0.2226,0.1437,30,5224,480,observation.images.image
RasmusP/so100_Orange2Green,4,1.3025,0.2854,0.3638,50,5949,480,observation.images.image
dragon-95/so100_sorting_3,4,1.304,0.394,0.6312,200,19111,480,observation.images.image
samsam0510/glove_reorientation_1,4,1.3101,0.2989,0.3626,100,6227,480,observation.images.image
Chojins/chess_game_001_red_stereo,4,1.3108,0.3336,0.4007,535,47079,480,observation.images.image
roboticshack/left-arm-grasp-lego-brick,4,1.316,0.3484,0.3856,99,11880,480,observation.images.image
00ri/so100_battery_bin_center,4,1.3174,0.2547,0.366,50,3562,480,observation.images.image
lirislab/push_cup_target,4,1.3184,0.394,0.4452,30,1718,480,observation.images.image
frk2/so100large,4,1.3201,0.2928,0.2582,50,3000,480,observation.images.image
roboticshack/team9-pick_cube_place_static_plate,4,1.3224,0.5716,0.558,40,2205,480,observation.images.image
bensprenger/right_arm_p_brick_in_box_with_y_noise_v0,4,1.3248,0.3434,0.4329,47,5625,480,observation.images.image
lirislab/put_banana_bowl,4,1.3268,0.5982,0.7994,30,1955,480,observation.images.image
ganker5/so100_push_20250331,4,1.3337,0.2502,0.1509,60,7356,480,observation.images.image
pierfabre/cow2,4,1.3337,0.4554,0.4845,40,4320,480,observation.images.image
weiye11/so100_410_zwy,4,1.3357,0.3547,0.5491,101,7252,480,observation.images.image
pierfabre/horse,4,1.3368,0.3775,0.2571,42,4535,480,observation.images.image
sihyun77/sihyun_main_2,4,1.3425,0.1419,0.1574,50,5819,480,observation.images.image
356c/so100_nut_sort_1,4,1.3526,0.271,0.1885,60,8698,480,observation.images.image
Chojins/chess_game_001_blue_stereo,4,1.3538,0.4384,0.4298,577,47001,480,observation.images.image
lirislab/unfold_bottom_right,4,1.3553,0.4872,0.6919,30,1888,480,observation.images.image
pierfabre/pig3,4,1.3562,0.4455,0.4594,50,5399,480,observation.images.image
tkc79/so100_lego_box_2,4,1.3568,0.1766,0.1692,51,4482,480,observation.images.image
koenvanwijk/orange50-variation-2,4,1.3571,0.4205,0.6044,50,1438,480,observation.images.image
tkc79/so100_lego_box_1,4,1.3572,0.3039,0.3591,104,9360,480,observation.images.image
liuhuanjim013/so100_th,4,1.367,0.3303,0.4625,74,7477,480,observation.images.image
roboticshack/team-7-left-arm-grasp-motor,4,1.3691,0.3658,0.4172,99,11880,480,observation.images.image
sihyun77/suho_main_2,4,1.3702,0.3623,0.5584,53,6152,480,observation.images.image
lirislab/guess_who_so100,4,1.3828,0.2435,0.2217,96,4661,480,observation.images.image
dragon-95/so100_sorting_2,4,1.383,0.4043,0.4049,220,34076,480,observation.images.image
lirislab/lemon_into_bowl,4,1.3975,0.3487,0.5141,40,3087,480,observation.images.image
HITHY/so100_peach3,4,1.435,0.5499,0.895,100,5363,480,observation.images.image
dragon-95/so100_sorting,4,1.4371,0.2132,0.3011,61,19094,480,observation.images.image
pranavsaroha/so100_carrot_5,4,1.4405,0.4055,0.6698,61,4863,720,observation.images.image
Mwuqiu/so100_0408_muti,4,1.4415,0.3819,0.4134,66,5756,480,observation.images.image
jpata/so100_pick_place_tangerine,4,1.4477,0.5539,0.7644,100,4820,480,observation.images.image
sixpigs1/so100_pick_cube_in_box,4,1.4529,0.3605,0.4833,100,5686,480,observation.images.image
Chojins/chess_game_009_white,4,1.4597,0.2582,0.3499,342,28272,480,observation.images.image
Beegbrain/pick_place_green_block,4,1.4667,0.3196,0.4739,40,3466,480,observation.images.image
00ri/so100_battery,4,1.4693,0.2378,0.1508,50,4872,480,observation.images.image
pietroom/holdthis,4,1.4931,0.2324,0.2873,90,8100,480,observation.images.image
pranavsaroha/so100_onelego3,4,1.4956,0.3661,0.5893,40,3281,1080,observation.images.image
sihyun77/sihyun_3_17_2,4,1.4977,0.488,0.5844,30,5043,480,observation.images.image
pranavsaroha/so100_onelego2,4,1.5058,0.2975,0.317,30,2027,1080,observation.images.image
pierfabre/pig2,4,1.5112,0.4008,0.2524,50,5380,480,observation.images.image
roboticshack/team-7-right-arm-grasp-tape,4,1.5165,0.1984,0.2497,100,12000,480,observation.images.image
HITHY/so100_peach4,4,1.5213,0.6712,0.771,400,19841,480,observation.images.image
roboticshack/team16-water-pouring,4,1.5415,0.3266,0.356,50,5993,480,observation.images.image
sihyun77/suho_3_17_3,4,1.5454,0.3293,0.4431,50,7009,480,observation.images.image
pranavsaroha/so100_legos4,4,1.5522,0.3177,0.4094,58,17844,1080,observation.images.image
pierfabre/rabbit,4,1.5652,0.4348,0.5387,31,3337,480,observation.images.image
pierfabre/sheep,4,1.5687,0.4676,0.5347,60,6479,480,observation.images.image
Loki0929/so100_duck,4,1.5758,0.5877,0.7828,300,26778,480,observation.images.image
lirislab/close_top_drawer_teabox,4,1.5786,0.3492,0.5262,30,1113,480,observation.images.image
paszea/so100_lego_2cam,4,1.6042,0.2352,0.3273,40,17640,480,observation.images.image
FsqZ/so100_1,4,1.6042,0.4177,0.5159,40,3854,480,observation.images.image
roboticshack/team13-three-balls-stacking,4,1.6196,0.4095,0.5499,101,9769,480,observation.images.image
paszea/so100_whale_2,4,1.6213,0.3778,0.4535,50,5650,480,observation.images.image
lirislab/fold_bottom_right,4,1.633,0.5558,0.7144,30,2254,480,observation.images.image
bensprenger/chess_game_001_blue_stereo,4,1.6347,0.3436,0.2871,307,22029,480,observation.images.image
Chojins/chess_game_000_white_red,4,1.6491,0.2726,0.293,103,8120,480,observation.images.image
paszea/so100_lego,4,1.6632,0.4577,0.5227,50,7573,480,observation.images.image
AndrejOrsula/lerobot_double_ball_stacking_random,4,1.6789,0.3512,0.4103,41,2886,480,observation.images.image
roboticshack/team16-can-stacking,4,1.6939,0.1779,0.1285,40,4800,480,observation.images.image
therarelab/so100_pick_place_2,4,1.8363,0.3033,0.4743,60,5026,480,observation.images.image
mikechambers/block_cup_14,4,1.8567,0.3193,0.4833,50,4500,720,observation.images.image
HITHY/so100_strawberry,4,1.9283,0.662,1.026,153,8229,480,observation.images.image
LemonadeDai/so100_coca,4,1.9622,0.4836,0.669,50,3000,480,observation.images.image
pierfabre/chicken,4,1.9912,0.4303,0.5942,65,7018,480,observation.images.image
